Function,Value,Execution Time (s)
divisors2,1000000,0.00011944770812988281
divisors2,10000000,0.00038313865661621094
divisors2,100000000,0.0012040138244628906
divisors2,1000000000,0.003709077835083008
